{
  "best_params": {
    "segmentation": {
      "threshold": 0.4222807343356343,
      "min_duration_off": 0.9984067621024832
    },
    "clustering": {
      "threshold": 0.2622476535679754,
      "method": "centroid",
      "min_cluster_size": 9
    }
  }
}