{
  "segmentation": {
    "min_duration_off": 0.4674402250480031
  },
  "clustering": {
    "threshold": 0.06807717285167625,
    "method": "median",
    "min_cluster_size": 7
  }
}